trueAlpha	asymp_nopos	asymp	analyticalEstimation	path
0.25519554733343713	0.20716098418133044	0.1321706643849663	0.29557	noDemog_0.4_0.2_0.4
0.23760657509780092	0.19059976878805068	0.07780288438180072	0.27687	noDemog_0.4_0.3_0.4
0.4006465008541332	0.36700762356823474	0.3194001439451714	0.40147	noDemog_0.4_0.1_0.999
0.38569828344747586	0.33793220424493686	0.2406483609063778	0.4026	noDemog_0.4_0.2_0.999
0.3701001645090913	0.354246587669857	0.20280064085881308	0.40373000000000003	noDemog_0.4_0.3_0.999
